{
  "table": [
    {
      "firstname": "sandeep",
      "lastname": "bandreddi",
      "email": "bandreddisandeep@gmail.com",
      "contact": "8008319394",
      "id":"1"
    },
    {
      "firstname": "ram",
      "lastname": "krishna",
      "email": "ram@yahoo.com",
      "contact": "9090909090",
      "id":"2"
    },
    {
      "firstname": "sita",
      "lastname": "ram",
      "email": "sita@gmail.com",
      "contact": "5656565656",
      "id":"3"
    },
    {
      "firstname": "lakshman",
      "lastname": "sasi",
      "email": "lakshman@gmai.com",
      "contact": "9123456789",
      "id":"4"
    },
    {
      "firstname": "amrith",
      "lastname": "amrith",
      "email": "amrith@ww",
      "contact": "99999999",
      "id":"5"
    },
    {
      "firstname": "kavi",
      "lastname": "kavi",
      "email": "kavi@gmail.com",
      "contact": "12345678",
      "id":"6"
    },
    {
      "firstname": "dhanusha",
      "lastname": "danusha",
      "email": "dhanusha@gmail.com",
      "contact": "1212121212",
      "id":"7"
    },
    {
      "firstname": "bandreddi",
      "lastname": "bandreddi",
      "email": "bandreddi@gmai.com",
      "contact": "2334233423",
      "id":"8"
    }
  ]
}